Workbook

Sheet Raw Data
A1: Application_ID | B1: Citizen_Name | C1: District | D1: Service_Type | E1: Application_Channel | F1: Application_Date | G1: Status | H1: Processing_Days | I1: Service_Fee | J1: Satisfaction_Rating | L1: Colour legend
A2: EG2026-001 | B2: Santosh Salunkhe | C2: Pune | D2: Birth Certificate | E2: Online | F2: 46023 | G2: Approved | H2: 3 | I2: 50 | J2: 5 | L2: Yellow = missing / inconsistent value
A3: EG2026-002 | B3: Jyoti Shinde | C3: Sangli | D3: Scholarship Application | E3: Online | F3: 46025 | G3: Approved | H3: 10 | I3: 0 | J3: 5 | L3: Orange = duplicate record
A4: EG2026-003 | B4: Ajay Bhosale | C4: Pune | D4: Residence Certificate | E4: Online | F4: 46026 | G4: Rejected | H4: 3 | I4: 30 | J4: 4
A5: EG2026-004 | B5: Sachin Bhosale | C5: Kolhapur | D5: Scholarship Application | E5: CSC Center | F5: 46029 | G5: Approved | H5: 15 | I5: 0 | J5: 3
A6: EG2026-005 | B6: Suresh Sawant | C6: Kolhapur | D6: Income Certificate | E6: Government Office | F6: 46040 | G6: Rejected | H6: 6 | I6: 40 | J6: 2
A7: EG2026-006 | B7: Omkar Chavan | C7: Sangli | D7: Birth Certificate | E7: Online | F7: 46054 | G7: Approved | H7: 5 | I7: 40 | J7: 4
A8: EG2026-006 | B8: Omkar Chavan | C8: Sangli | D8: Birth Certificate | E8: Online | F8: 46054 | G8: Approved | H8: 5 | I8: 40 | J8: 4
A9: EG2026-007 | B9: Yogesh Mohite | C9: Satara | D9: Birth Certificate | E9: Online | F9: 46055 | G9: Approved | H9: 3 | I9: 45 | J9: 4
A10: EG2026-008 | B10: Sachin Kamble | C10: kolhapur | D10: Property Tax | E10: Online | F10: 46055 | G10: Approved | H10: 2 | I10: 3000 | J10: 4
A11: EG2026-009 | B11: Suresh Kale | C11: Satara | D11: Residence Certificate | E11: Online | F11: 46055 | G11: Approved | H11: 6 | I11: 35 | J11: 5
A12: EG2026-010 | B12: Kavita Kamble | C12: Satara | D12: Residence Certificate | E12: Government Office | F12: 46061 | G12: Approved | H12: 6 | I12: 35 | J12: 5
A13: EG2026-011 | B13: Meena Desai | C13: Kolhapur | D13: Income Certificate | E13: CSC Center | F13: 46062 | G13: Approved | H13: 5 | I13: 30 | J13: 5
A14: EG2026-012 | B14: Santosh More | C14: Sangli | D14: Income Certificate | E14: Online | F14: 46062 | G14: Approved | H14: 6 | I14: 35 | J14: 4
A15: EG2026-013 | B15: Sneha Mane | C15: Pune | D15: Residence Certificate | E15: Government Office | F15: 46065 | G15: Approved | I15: 35 | J15: 3
A16: EG2026-014 | B16: Prashant Kulkarni | C16: Solapur | D16: Income Certificate | E16: Online | F16: 46066 | G16: Approved | H16: 5 | I16: 30 | J16: 5
A17: EG2026-015 | B17: Kiran Sawant | C17: Pune | D17: Income Certificate | E17: CSC Center | F17: 46070 | G17: Approved | H17: 4 | I17: 35 | J17: 3
A18: EG2026-016 | B18: Pallavi Desai | C18: Sangli | D18: Property Tax | E18: CSC Center | F18: 46070 | G18: Approved | H18: 4 | I18: 600 | J18: 3
A19: EG2026-017 | B19: Rohan Mohite | C19: Sangli | D19: Scholarship Application | E19: Government Office | F19: 46075 | G19: Approved | H19: 11 | I19: 0 | J19: 4
A20: EG2026-018 | B20: Rohan Salunkhe | C20: Solapur | D20: Property Tax | E20: Online | F20: 46076 | G20: Approved | H20: 4 | I20: 1500 | J20: 5
A21: EG2026-019 | B21: Swati Thorat | C21: Sangli | D21: Income Certificate | E21: CSC Center | F21: 46077 | G21: Approved | H21: 6 | I21: 35 | J21: 5
A22: EG2026-020 | B22: Ajay Gaikwad | C22: Satara | D22: Caste Certificate | E22: CSC Center | F22: 46079 | G22: Approved | H22: 10 | I22: 30
A23: EG2026-021 | B23: Madhuri Kale | C23: Solapur | D23: Senior Citizen Certificate | E23: CSC Center | F23: 46079 | G23: Approved | H23: 6 | I23: 25 | J23: 4
A24: EG2026-022 | B24: Priya Yadav | C24: Satara | D24: Scholarship Application | E24: CSC Center | F24: 46080 | G24: Approved | H24: 7 | I24: 0 | J24: 4
A25: EG2026-023 | B25: Pooja Sawant | C25: Kolhapur | D25: Residence Certificate | E25: CSC Center | F25: 46082 | G25: Approved | H25: 5 | I25: 30 | J25: 5
A26: EG2026-024 | B26: Prashant Mane | C26: Sangli | D26: Birth Certificate | E26: Online | F26: 46085 | G26: Approved | H26: 5 | I26: 50 | J26: 5
A27: EG2026-025 | B27: Mahesh Sawant | C27: Sangli | D27: Residence Certificate | E27: Government Office | F27: 46090 | G27: Approved | H27: 9 | I27: 30 | J27: 3
A28: EG2026-026 | B28: Yogesh Jadhav | C28: Kolhapur | E28: Online | F28: 46091 | G28: Rejected | H28: 4 | I28: 40 | J28: 1
A29: EG2026-027 | B29: Suresh Patil | C29: Kolhapur | D29: Property Tax | E29: Online | F29: 46092 | G29: Approved | H29: 3 | I29: 2200 | J29: 3
A30: EG2026-028 | B30: Pallavi Thorat | C30: Pune | D30: Scholarship Application | E30: Government Office | F30: 46094 | G30: Approved | H30: 10 | I30: 0 | J30: 5
A31: EG2026-029 | B31: Rekha Chavan | C31: Kolhapur | D31: Income Certificate | E31: Government Office | F31: 46100 | G31: Approved | H31: 11 | I31: 30 | J31: 3
A32: EG2026-029 | B32: Rekha Chavan | C32: Kolhapur | D32: Income Certificate | E32: Government Office | F32: 46100 | G32: Approved | H32: 11 | I32: 30 | J32: 3
A33: EG2026-030 | B33: Rekha Kamble | C33: Sangli | D33: Income Certificate | E33: CSC Center | F33: 46102 | G33: Approved | H33: 7 | I33: 30 | J33: 3
A34: EG2026-031 | B34: Yogesh Desai | C34: Kolhapur | D34: Residence Certificate | E34: CSC Center | F34: 46105 | G34: Pending | H34: 4 | I34: 25 | J34: 3
A35: EG2026-032 | B35: Rekha Kale | C35: Pune | D35: Water Connection | E35: Government Office | F35: 46105 | G35: Approved | H35: 15 | I35: 2000 | J35: 5
A36: EG2026-033 | B36: Shital Salunkhe | C36: Pune | D36: Caste Certificate | E36: Online | F36: 46106 | G36: Approved | H36: 9 | I36: 30 | J36: 4
A37: EG2026-034 | B37: Vijay Joshi | C37: SANGLI | D37: Birth Certificate | E37: Online | F37: 46107 | G37: Approved | H37: 3 | I37: 30 | J37: 4
A38: EG2026-035 | B38: Dattatray Gaikwad | C38: Solapur | D38: Birth Certificate | E38: Online | F38: 46117 | G38: Approved | H38: 3 | I38: 35 | J38: 5
A39: EG2026-036 | B39: Sunita Pawar | C39: Satara | D39: Income Certificate | E39: Government Office | F39: 46123 | G39: Approved | H39: 11 | I39: 35 | J39: 3
A40: EG2026-037 | B40: Kiran Mane | C40: Solapur | D40: Birth Certificate | E40: CSC Center | F40: 46123 | G40: Approved | H40: 6 | I40: 45 | J40: 3
... A43: EG2026-040 | B43: Ajay Salunkhe | C43: Sangli | D43: Property Tax | E43: Government Office | F43: 46133 | G43: Pending | H43: 6 | I43: 1200 | J43: 3
A44: EG2026-041 | B44: Madhuri Joshi | C44: Pune | D44: Property Tax | E44: Online | F44: 46136 | G44: Approved | I44: 600 | J44: 5
A45: EG2026-042 | B45: Shital Chavan | C45: Pune | D45: Property Tax | E45: Online | F45: 46144 | G45: Approved | H45: 2 | I45: 1200 | J45: 4
A46: EG2026-043 | B46: Santosh Sawant | C46: Sangli | D46: Residence Certificate | E46: Online | F46: 46148 | G46: Pending | H46: 5 | I46: 35 | J46: 3
A47: EG2026-044 | B47: Pravin Mohite | C47: Pune | D47: Water Connection | E47: Online | F47: 46152 | G47: Approved | H47: 12 | I47: 1000 | J47: 5
A48: EG2026-045 | B48: Yogesh Kamble | C48: Pune | D48: Residence Certificate | E48: Government Office | F48: 46157 | G48: Approved | H48: 8 | I48: 30 | J48: 4
A49: EG2026-046 | B49: Rekha Patil | C49: Sangli | D49: Property Tax | E49: CSC Center | F49: 46159 | G49: Approved | H49: 4 | I49: 1500 | J49: 4
A50: EG2026-047 | B50: Meena Yadav | C50: Pune | D50: Water Connection | E50: Online | F50: 46159 | G50: Approved | H50: 19 | I50: 1000 | J50: 2
A51: EG2026-047 | B51: Meena Yadav | C51: Pune | D51: Water Connection | E51: Online | F51: 46159 | G51: Approved | H51: 19 | I51: 1000 | J51: 2
A52: EG2026-048 | B52: Pallavi Mane | C52: Pune | D52: Scholarship Application | E52: CSC Center | F52: 46160 | G52: Rejected | H52: 14 | I52: 0 | J52: 1
A53: EG2026-049 | B53: Santosh Joshi | C53: Pune | D53: Property Tax | E53: Online | F53: 46161 | G53: Rejected | H53: 2 | I53: 1200 | J53: 3
A54: EG2026-050 | B54: Rekha Sawant | C54: Sangli | D54: Caste Certificate | E54: Online | F54: 46161 | G54: Approved | H54: 7 | I54: 40 | J54: 4
A55: EG2026-051 | B55: Archana Salunkhe | C55: Pune | D55: Residence Certificate | E55: Online | F55: 46166 | G55: Approved | H55: 4 | I55: 25 | J55: 5
A56: EG2026-052 | B56: Anita Bhosale | C56: Pune | D56: Residence Certificate | E56: Government Office | F56: 46168 | G56: Approved | H56: 5 | I56: 30 | J56: 4
... A59: EG2026-055 | B59: Sneha Kulkarni | C59: Satara | D59: Scholarship Application | E59: Online | F59: 46180 | G59: Approved | H59: 12 | I59: 0 | J59: 4
A60: EG2026-056 | B60: Rohan Joshi | C60: Sangli | D60: Scholarship Application | E60: CSC Center | F60: 46180 | G60: Approved | H60: 12 | I60: 0
A61: EG2026-057 | B61: Prashant Mohite | C61: Pune | D61: Caste Certificate | E61: Government Office | F61: 46188 | G61: Pending | H61: 9 | I61: 30 | J61: 3
A62: EG2026-058 | B62: Vijay Thorat | C62: Solapur | D62: Senior Citizen Certificate | E62: Government Office | F62: 46191 | G62: Approved | H62: 8 | I62: 25 | J62: 5
A63: EG2026-059 | B63: Ganesh Yadav | C63: Sangli | D63: Birth Certificate | E63: CSC Center | F63: 46194 | G63: Approved | H63: 6 | I63: 45 | J63: 4
A64: EG2026-060 | B64: Dattatray Salunkhe | C64: Solapur | D64: Birth Certificate | E64: CSC Center | F64: 46199 | G64: Approved | H64: 6 | I64: 30 | J64: 3
A65: EG2026-061 | B65: Pallavi Kamble | C65: Kolhapur | D65: Senior Citizen Certificate | E65: Government Office | F65: 46204 | G65: Rejected | H65: 4 | I65: 20 | J65: 2
A66: EG2026-062 | B66: Priya Kamble | C66: Sangli | D66: Residence Certificate | E66: Online | F66: 46206 | G66: Approved | H66: 6 | I66: 30 | J66: 5
A67: EG2026-063 | B67: Pooja Gaikwad | C67: Sangli | E67: Online | F67: 46206 | G67: Approved | H67: 12 | I67: 0 | J67: 5
A68: EG2026-064 | B68: Jyoti Kamble | C68: Pune | D68: Property Tax | E68: Online | F68: 46207 | G68: Approved | H68: 2 | I68: 1500 | J68: 4
A69: EG2026-065 | B69: Kavita Yadav | C69: Sangli | D69: Residence Certificate | E69: Online | F69: 46215 | G69: Approved | H69: 4 | I69: 35 | J69: 4
A70: EG2026-066 | B70: Rohan Kulkarni | C70: Satara | D70: Property Tax | E70: Government Office | F70: 46216 | G70: Approved | H70: 7 | I70: 850 | J70: 3
A71: EG2026-067 | B71: Yogesh Thorat | C71: Sangli | D71: Residence Certificate | E71: Government Office | F71: 46218 | G71: Approved | H71: 10 | I71: 30 | J71: 4
A72: EG2026-068 | B72: Sachin More | C72: Kolhapur | D72: Property Tax | E72: Online | F72: 46219 | G72: Approved | H72: 3 | I72: 600 | J72: 3
A73: EG2026-069 | B73: Manisha Desai | C73: Sholapur | D73: Scholarship Application | E73: CSC Center | F73: 46223 | G73: Pending | H73: 16 | I73: 0 | J73: 2
A74: EG2026-070 | B74: Rahul Gaikwad | C74: Kolhapur | D74: Scholarship Application | E74: Online | F74: 46229 | G74: Approved | H74: 15 | I74: 0 | J74: 5
A75: EG2026-071 | B75: Vaishali Deshmukh | C75: Kolhapur | D75: Residence Certificate | E75: CSC Center | F75: 46229 | G75: Approved | H75: 6 | I75: 30 | J75: 5
A76: EG2026-072 | B76: Rahul More | C76: Kolhapur | D76: Senior Citizen Certificate | E76: CSC Center | F76: 46231 | G76: Pending | H76: 8 | I76: 25 | J76: 2
A77: EG2026-072 | B77: Rahul More | C77: Kolhapur | D77: Senior Citizen Certificate | E77: CSC Center | F77: 46231 | G77: Pending | H77: 8 | I77: 25 | J77: 2
A78: EG2026-073 | B78: Archana Chavan | C78: Satara | D78: Caste Certificate | E78: Government Office | F78: 46235 | G78: Pending | H78: 12 | I78: 35 | J78: 3
A79: EG2026-074 | B79: Suresh Salunkhe | C79: Solapur | D79: Caste Certificate | E79: Online | F79: 46239 | G79: Pending | H79: 8 | I79: 40 | J79: 4
... A82: EG2026-077 | B82: Sneha Gaikwad | C82: Sangli | D82: Property Tax | E82: CSC Center | F82: 46246 | G82: Pending | H82: 4 | I82: 1500 | J82: 3
A83: EG2026-078 | B83: Ganesh Pawar | C83: Sangli | D83: Property Tax | E83: Online | F83: 46248 | G83: Pending | I83: 3000 | J83: 4
A84: EG2026-079 | B84: Dattatray Kale | C84: Pune | D84: Caste Certificate | E84: CSC Center | F84: 46248 | G84: Pending | H84: 5 | I84: 30 | J84: 3
A85: EG2026-080 | B85: Omkar Sawant | C85: Pune | D85: Caste Certificate | E85: Government Office | F85: 46249 | G85: Approved | H85: 12 | I85: 30 | J85: 5
A86: EG2026-081 | B86: Shital Sawant | C86: Satara | D86: Caste Certificate | E86: Online | F86: 46249 | G86: Pending | H86: 9 | I86: 40 | J86: 4
A87: EG2026-082 | B87: Meena Sawant | C87: Sangli | D87: Property Tax | E87: Online | F87: 46250 | G87: Pending | H87: 4 | I87: 3000 | J87: 3
A88: EG2026-083 | B88: Madhuri More | C88: Satara | D88: Senior Citizen Certificate | E88: Online | F88: 46250 | G88: Pending | H88: 4 | I88: 25 | J88: 3
A89: EG2026-084 | B89: Rohan Sawant | C89: Kolhapur | D89: Property Tax | E89: Government Office | F89: 46251 | G89: Pending | H89: 5 | I89: 850
A90: EG2026-085 | B90: Anita Mane | C90: Kolhapur | D90: Residence Certificate | E90: Government Office | F90: 46252 | G90: Approved | H90: 5 | I90: 25 | J90: 3
A91: EG2026-086 | B91: Omkar Desai | C91: Sangli | D91: Senior Citizen Certificate | E91: Government Office | F91: 46254 | G91: Pending | H91: 9 | I91: 20 | J91: 2
A92: EG2026-087 | B92: Sunita Salunkhe | C92: Solapur | D92: Scholarship Application | E92: CSC Center | F92: 46255 | G92: Pending | H92: 11 | I92: 0 | J92: 3
A93: EG2026-088 | B93: Ganesh Kamble | C93: Kolhapur | D93: Property Tax | E93: Online | F93: 46256 | G93: Approved | H93: 4 | I93: 850 | J93: 4
A94: EG2026-089 | B94: Shital Desai | C94: Sangli | D94: Caste Certificate | E94: CSC Center | F94: 46260 | G94: Rejected | H94: 6 | I94: 40 | J94: 2
A95: EG2026-090 | B95: Jyoti Joshi | C95: Pune | D95: Property Tax | E95: CSC Center | F95: 46262 | G95: Approved | H95: 3 | I95: 2200 | J95: 4

Sheet Cleaned Data
A1: Application_ID | B1: Citizen_Name | C1: District | D1: Service_Type | E1: Application_Channel | F1: Application_Date | G1: Status | H1: Processing_Days | I1: Service_Fee | J1: Satisfaction_Rating | L1: Green = value filled during cleaning
A2: EG2026-001 | B2: Santosh Salunkhe | C2: Pune | D2: Birth Certificate | E2: Online | F2: 46023 | G2: Approved | H2: 3 | I2: 50 | J2: 5
A3: EG2026-002 | B3: Jyoti Shinde | C3: Sangli | D3: Scholarship Application | E3: Online | F3: 46025 | G3: Approved | H3: 10 | I3: 0 | J3: 5
A4: EG2026-003 | B4: Ajay Bhosale | C4: Pune | D4: Residence Certificate | E4: Online | F4: 46026 | G4: Rejected | H4: 3 | I4: 30 | J4: 4
A5: EG2026-004 | B5: Sachin Bhosale | C5: Kolhapur | D5: Scholarship Application | E5: CSC Center | F5: 46029 | G5: Approved | H5: 15 | I5: 0 | J5: 3
A6: EG2026-005 | B6: Suresh Sawant | C6: Kolhapur | D6: Income Certificate | E6: Government Office | F6: 46040 | G6: Rejected | H6: 6 | I6: 40 | J6: 2
A7: EG2026-006 | B7: Omkar Chavan | C7: Sangli | D7: Birth Certificate | E7: Online | F7: 46054 | G7: Approved | H7: 5 | I7: 40 | J7: 4
A8: EG2026-007 | B8: Yogesh Mohite | C8: Satara | D8: Birth Certificate | E8: Online | F8: 46055 | G8: Approved | H8: 3 | I8: 45 | J8: 4
A9: EG2026-008 | B9: Sachin Kamble | C9: Kolhapur | D9: Property Tax | E9: Online | F9: 46055 | G9: Approved | H9: 2 | I9: 3000 | J9: 4
A10: EG2026-009 | B10: Suresh Kale | C10: Satara | D10: Residence Certificate | E10: Online | F10: 46055 | G10: Approved | H10: 6 | I10: 35 | J10: 5
A11: EG2026-010 | B11: Kavita Kamble | C11: Satara | D11: Residence Certificate | E11: Government Office | F11: 46061 | G11: Approved | H11: 6 | I11: 35 | J11: 5
A12: EG2026-011 | B12: Meena Desai | C12: Kolhapur | D12: Income Certificate | E12: CSC Center | F12: 46062 | G12: Approved | H12: 5 | I12: 30 | J12: 5
A13: EG2026-012 | B13: Santosh More | C13: Sangli | D13: Income Certificate | E13: Online | F13: 46062 | G13: Approved | H13: 6 | I13: 35 | J13: 4
... A91: EG2026-090 | B91: Jyoti Joshi | C91: Pune | D91: Property Tax | E91: CSC Center | F91: 46262 | G91: Approved | H91: 3 | I91: 2200 | J91: 4

Sheet Data Cleaning Summary
A1: Data Cleaning Summary
A3: Item | B3: Value | C3: Remark
A4: Original Records | B4: =COUNTA('Raw Data'!A2:A95) -> 94 | C4: Rows in raw_e_governance_data.csv
A5: Records After Cleaning | B5: =COUNTA('Cleaned Data'!A2:A91) -> 90 | C5: Rows in cleaned_e_governance_data.csv
A6: Duplicate Records Removed | B6: =B4-B5 -> 4 | C6: Same Application_ID and same details repeated: EG2026-006, EG2026-029, EG2026-047, EG2026-072
A7: Missing Values Found - Service_Type | B7: =COUNTBLANK('Raw Data'!D2:D95) -> 2 | C7: Filled with mode (most frequent service)
A8: Missing Values Found - Processing_Days | B8: =COUNTBLANK('Raw Data'!H2:H95) -> 3 | C8: Filled with median
A9: Missing Values Found - Satisfaction_Rating | B9: =COUNTBLANK('Raw Data'!J2:J95) -> 3 | C9: Filled with median
A10: Total Missing Values Found | B10: =SUM(B7:B9) -> 8
A11: Missing Values Remaining After Cleaning | B11: =COUNTBLANK('Cleaned Data'!A2:J91) -> 0 | C11: Should be 0
A12: Value used: Mode of Service_Type | B12: Property Tax | C12: Calculated on the data after removing duplicates
A13: Value used: Median of Processing_Days | B13: 6 | C13: Calculated on the data after removing duplicates
A14: Value used: Median of Satisfaction_Rating | B14: 4 | C14: Calculated on the data after removing duplicates
A15: Inconsistent District Values Corrected | B15: 4 | C15: kolhapur -> Kolhapur, SANGLI -> Sangli, "Pune " -> Pune, Sholapur -> Solapur

Sheet Calculations
A1: KPI Calculations (all formulas use the Cleaned Data sheet)
A3: KPI | B3: Value | C3: Formula meaning
A4: Total Applications | B4: =COUNTA('Cleaned Data'!$A$2:$A$91) -> 90 | C4: Count of Application_ID
A5: Approved Applications | B5: =COUNTIF('Cleaned Data'!$G$2:$G$91,"Approved") -> 66 | C5: Status = Approved
A6: Rejected Applications | B6: =COUNTIF('Cleaned Data'!$G$2:$G$91,"Rejected") -> 7 | C6: Status = Rejected
A7: Pending Applications | B7: =COUNTIF('Cleaned Data'!$G$2:$G$91,"Pending") -> 17 | C7: Status = Pending
A8: Approval Rate (%) | B8: =ROUND(B5/B4*100,1) -> 73.3 | C8: Approved / Total x 100
A9: Average Processing Days | B9: =ROUND(AVERAGE('Cleaned Data'!$H$2:$H$91),1) -> 7 | C9: Average of Processing_Days
A10: Average Satisfaction Rating | B10: =ROUND(AVERAGE('Cleaned Data'!$J$2:$J$91),2) -> 3.73 | C10: Average of Satisfaction_Rating
A11: Total Service Fee Collected (Rs.) | B11: =SUM('Cleaned Data'!$I$2:$I$91) -> 37345 | C11: Sum of Service_Fee

Sheet Chart Data
A1: Chart Data (formulas)
A3: 1. Applications by District
A4: District | B4: Applications
A5: Sangli | B5: =COUNTIF('Cleaned Data'!$C$2:$C$91,A5) -> 26
A6: Pune | B6: =COUNTIF('Cleaned Data'!$C$2:$C$91,A6) -> 22
A7: Kolhapur | B7: =COUNTIF('Cleaned Data'!$C$2:$C$91,A7) -> 19
A8: Solapur | B8: =COUNTIF('Cleaned Data'!$C$2:$C$91,A8) -> 12
A9: Satara | B9: =COUNTIF('Cleaned Data'!$C$2:$C$91,A9) -> 11
A12: 2. Application Status
A13: Status | B13: Applications
A14: Approved | B14: =COUNTIF('Cleaned Data'!$G$2:$G$91,A14) -> 66
A15: Rejected | B15: =COUNTIF('Cleaned Data'!$G$2:$G$91,A15) -> 7
A16: Pending | B16: =COUNTIF('Cleaned Data'!$G$2:$G$91,A16) -> 17
A18: 3. Monthly Applications
A19: Month | B19: Applications
A20: Jan 2026 | B20: =COUNTIFS('Cleaned Data'!$F$2:$F$91,">="&DATE(2026,1,1),'Cleaned Data'!$F$2:$F$91,"<"&DATE(2026,2,1)) -> 5
A21: Feb 2026 | B21: =COUNTIFS('Cleaned Data'!$F$2:$F$91,">="&DATE(2026,2,1),'Cleaned Data'!$F$2:$F$91,"<"&DATE(2026,3,1)) -> 17
A22: Mar 2026 | B22: =COUNTIFS('Cleaned Data'!$F$2:$F$91,">="&DATE(2026,3,1),'Cleaned Data'!$F$2:$F$91,"<"&DATE(2026,4,1)) -> 12
A23: Apr 2026 | B23: =COUNTIFS('Cleaned Data'!$F$2:$F$91,">="&DATE(2026,4,1),'Cleaned Data'!$F$2:$F$91,"<"&DATE(2026,5,1)) -> 7
A24: May 2026 | B24: =COUNTIFS('Cleaned Data'!$F$2:$F$91,">="&DATE(2026,5,1),'Cleaned Data'!$F$2:$F$91,"<"&DATE(2026,6,1)) -> 12
A25: Jun 2026 | B25: =COUNTIFS('Cleaned Data'!$F$2:$F$91,">="&DATE(2026,6,1),'Cleaned Data'!$F$2:$F$91,"<"&DATE(2026,7,1)) -> 7
A26: Jul 2026 | B26: =COUNTIFS('Cleaned Data'!$F$2:$F$91,">="&DATE(2026,7,1),'Cleaned Data'!$F$2:$F$91,"<"&DATE(2026,8,1)) -> 12
A27: Aug 2026 | B27: =COUNTIFS('Cleaned Data'!$F$2:$F$91,">="&DATE(2026,8,1),'Cleaned Data'!$F$2:$F$91,"<"&DATE(2026,9,1)) -> 18
A30: 4. Applications by Service Type
A31: Service Type | B31: Applications
A32: Property Tax | B32: =COUNTIF('Cleaned Data'!$D$2:$D$91,A32) -> 21
A33: Residence Certificate | B33: =COUNTIF('Cleaned Data'!$D$2:$D$91,A33) -> 16
A34: Scholarship Application | B34: =COUNTIF('Cleaned Data'!$D$2:$D$91,A34) -> 12
A35: Income Certificate | B35: =COUNTIF('Cleaned Data'!$D$2:$D$91,A35) -> 12
A36: Caste Certificate | B36: =COUNTIF('Cleaned Data'!$D$2:$D$91,A36) -> 10
A37: Birth Certificate | B37: =COUNTIF('Cleaned Data'!$D$2:$D$91,A37) -> 9
A38: Senior Citizen Certificate | B38: =COUNTIF('Cleaned Data'!$D$2:$D$91,A38) -> 6
A39: Water Connection | B39: =COUNTIF('Cleaned Data'!$D$2:$D$91,A39) -> 4
A41: 5. Average Processing Days by Service
A42: Service Type | B42: Avg Days
A43: Property Tax | B43: =ROUND(AVERAGEIF('Cleaned Data'!$D$2:$D$91,A43,'Cleaned Data'!$H$2:$H$91),1) -> 4.4
A44: Residence Certificate | B44: =ROUND(AVERAGEIF('Cleaned Data'!$D$2:$D$91,A44,'Cleaned Data'!$H$2:$H$91),1) -> 5.8
A45: Scholarship Application | B45: =ROUND(AVERAGEIF('Cleaned Data'!$D$2:$D$91,A45,'Cleaned Data'!$H$2:$H$91),1) -> 11.8
A46: Income Certificate | B46: =ROUND(AVERAGEIF('Cleaned Data'!$D$2:$D$91,A46,'Cleaned Data'!$H$2:$H$91),1) -> 6.7
A47: Caste Certificate | B47: =ROUND(AVERAGEIF('Cleaned Data'!$D$2:$D$91,A47,'Cleaned Data'!$H$2:$H$91),1) -> 8.7
A48: Birth Certificate | B48: =ROUND(AVERAGEIF('Cleaned Data'!$D$2:$D$91,A48,'Cleaned Data'!$H$2:$H$91),1) -> 4.4
A49: Senior Citizen Certificate | B49: =ROUND(AVERAGEIF('Cleaned Data'!$D$2:$D$91,A49,'Cleaned Data'!$H$2:$H$91),1) -> 6.5
A50: Water Connection | B50: =ROUND(AVERAGEIF('Cleaned Data'!$D$2:$D$91,A50,'Cleaned Data'!$H$2:$H$91),1) -> 13.8
A52: 6. Applications by Channel
A53: Channel | B53: Applications
A54: Online | B54: =COUNTIF('Cleaned Data'!$E$2:$E$91,A54) -> 39
A55: CSC Center | B55: =COUNTIF('Cleaned Data'!$E$2:$E$91,A55) -> 26
A56: Government Office | B56: =COUNTIF('Cleaned Data'!$E$2:$E$91,A56) -> 25
A58: 7. Average Satisfaction by District
A59: District | B59: Avg Rating
A60: Sangli | B60: =ROUND(AVERAGEIF('Cleaned Data'!$C$2:$C$91,A60,'Cleaned Data'!$J$2:$J$91),2) -> 3.77
A61: Pune | B61: =ROUND(AVERAGEIF('Cleaned Data'!$C$2:$C$91,A61,'Cleaned Data'!$J$2:$J$91),2) -> 3.86
A62: Kolhapur | B62: =ROUND(AVERAGEIF('Cleaned Data'!$C$2:$C$91,A62,'Cleaned Data'!$J$2:$J$91),2) -> 3.47
A63: Solapur | B63: =ROUND(AVERAGEIF('Cleaned Data'!$C$2:$C$91,A63,'Cleaned Data'!$J$2:$J$91),2) -> 3.75
A64: Satara | B64: =ROUND(AVERAGEIF('Cleaned Data'!$C$2:$C$91,A64,'Cleaned Data'!$J$2:$J$91),2) -> 3.82

Sheet Dashboard
A1: E-Governance Service Dashboard
A2: Citizen applications for government services | Data: Cleaned Data sheet | Use the filter arrows on the Cleaned Data sheet to explore records
A4: Total Applications | C4: Approval Rate (%) | E4: Approved | G4: Rejected | I4: Pending | K4: Avg Processing Days | M4: Avg Satisfaction
A5: =Calculations!B4 -> 90 | C5: =Calculations!B8 -> 73.3 | E5: =Calculations!B5 -> 66 | G5: =Calculations!B6 -> 7 | I5: =Calculations!B7 -> 17 | K5: =Calculations!B9 -> 7 | M5: =Calculations!B10 -> 3.73
